ID,DATE,LOC,SCUTUM,STERGUM,SPECIESNUM,SPECIES
1,6/3/2014,10618,0.5,0.5,2,ALB
2,6/3/2014,24080,0.2,0.6,2,ALB
3,6/3/2014,21477,0.1,0.8,2,ALB
4,6/3/2014,21477,0.2,0.8,2,ALB
5,6/3/2014,11635,0.4,0.9,2,ALB
6,6/4/2014,25344,0.0,0.3,2,ALB
7,6/4/2014,21427,0.4,0.6,1,AEG
8,6/4/2014,101,0.0,0.8,1,AEG
9,6/5/2014,11635,0.2,0.2,2,ALB
10,6/5/2014,10618,0.2,0.2,2,ALB
11,6/5/2014,24080,0.1,0.5,2,ALB
12,6/5/2014,2037,0.3,0.5,2,ALB
13,6/5/2014,10618,0.1,0.8,2,ALB
14,6/5/2014,1193,0.0,0.9,2,ALB
15,6/5/2014,25347,1.0,1.0,1,AEG
16,6/5/2014,25347,1.0,1.0,1,AEG
17,6/5/2014,114,0.0,1.0,2,ALB
18,6/5/2014,10618,0.1,1.0,2,ALB
19,6/5/2014,10618,0.1,1.0,2,ALB
20,6/5/2014,1193,0.1,1.0,2,ALB
21,6/5/2014,25285,0.1,1.0,2,ALB
22,6/5/2014,10618,0.5,1.0,2,ALB
23,6/5/2014,1093,0.6,1.0,2,ALB
24,6/5/2014,11635,1.0,1.0,2,ALB
25,6/8/2014,17853,0.0,0.3,1,AEG
26,6/8/2014,11635,0.0,0.4,2,ALB
27,6/8/2014,22642,0.6,0.4,2,ALB
28,6/8/2014,21477,0.1,0.5,2,ALB
29,6/8/2014,6166,0.2,0.5,2,ALB
30,6/8/2014,25243,0.6,0.8,1,AEG
31,6/8/2014,89,0.4,0.9,2,ALB
32,6/8/2014,6166,0.8,0.9,2,ALB
33,6/8/2014,6166,0.1,0.9,2,ALB 
34,6/8/2014,24159,0.0,1.0,1,AEG
35,6/8/2014,17853,0.3,1.0,1,AEG
36,6/8/2014,17853,1.0,1.0,1,AEG
37,6/8/2014,25243,1.0,1.0,1,AEG
38,6/8/2014,10618,0.0,1.0,2,ALB
39,6/8/2014,21477,0.0,1.0,2,ALB
40,6/8/2014,21477,0.0,1.0,2,ALB
41,6/8/2014,25243,0.1,1.0,2,ALB
42,6/8/2014,6166,0.1,1.0,2,ALB
43,6/8/2014,9841,0.1,1.0,2,ALB
44,6/8/2014,9841,0.1,1.0,2,ALB
45,6/8/2014,10618,1.0,1.0,2,ALB
46,6/9/2014,21489,0.7,0.9,2,ALB
47,6/9/2014,25237,0.8,1.0,2,ALB
48,6/10/2014,25237,0.2,0.1,2,ALB
49,6/10/2014,12467,0.0,0.2,2,ALB
50,6/10/2014,25237,0.2,0.2,2,ALB
51,6/10/2014,6166,0.4,0.2,2,ALB
52,6/10/2014,21477,0.1,0.3,2,ALB
53,6/10/2014,25241,0.2,0.5,2,ALB
54,6/10/2014,35,0.8,0.6,2,ALB
55,6/10/2014,6166,0.0,0.8,2,ALB
56,6/10/2014,6166,0.2,0.8,2,ALB
57,6/10/2014,24080,0.3,0.8,2,ALB
58,6/10/2014,25237,0.5,0.9,1,AEG
59,6/10/2014,25237,0.6,0.9,1,AEG
60,6/10/2014,6166,0.0,0.9,2,ALB
61,6/10/2014,6166,0.1,0.9,2,ALB
62,6/10/2014,20396,0.0,1.0,2,ALB
63,6/10/2014,114,0.1,1.0,2,ALB
64,6/10/2014,22642,0.1,1.0,2,ALB
65,6/10/2014,25237,0.1,1.0,2,ALB
66,6/10/2014,21489,0.1,1.0,2,ALB
67,6/10/2014,21477,0.2,1.0,2,ALB
68,6/10/2014,11479,0.3,1.0,2,ALB
69,6/10/2014,21477,0.4,1.0,2,ALB
70,6/10/2014,24080,0.6,1.0,2,ALB
71,6/10/2014,24080,0.9,1.0,2,ALB
72,6/10/2014,22474,0.9,1.0,2,ALB
73,6/10/2014,22474,1.0,1.0,2,ALB
74,6/10/2014,22474,1.0,1.0,2,ALB
75,6/10/2014,31489,1.0,1.0,2,ALB
76,6/12/2014,21477,0.7,0.1,2,ALB
77,6/12/2014,22642,0.0,0.2,1,AEG
78,6/12/2014,22483,0.0,0.2,2,ALB
79,6/12/2014,25360,0.5,0.3,2,ALB
80,6/12/2014,25360,0.0,0.4,2,ALB
81,6/12/2014,25243,0.5,0.8,1,AEG
82,6/12/2014,25360,0.0,0.8,2,ALB
83,6/12/2014,10443,0.1,0.8,2,ALB
84,6/12/2014,25360,0.3,0.9,1,AEG
85,6/12/2014,25243,0.1,0.9,2,ALB
86,6/12/2014,22642,0.0,1.0,2,ALB
87,6/12/2014,21477,0.0,1.0,2,ALB
88,6/12/2014,5348,0.0,1.0,2,ALB
89,6/12/2014,24080,0.1,1.0,2,ALB
90,6/12/2014,24080,0.1,1.0,2,ALB
91,6/12/2014,1093,0.1,1.0,2,ALB
92,6/12/2014,108,0.2,1.0,2,ALB
93,6/12/2014,24080,0.2,1.0,2,ALB
94,6/12/2014,21477,0.3,1.0,2,ALB
95,6/12/2014,21477,0.3,1.0,2,ALB
96,6/12/2014,24080,0.6,1.0,2,ALB
97,6/12/2014,25243,1.0,1.0,2,ALB
98,6/15/2014,24080,0.0,0.3,2,ALB
99,6/15/2014,24080,0.1,0.6,2,ALB
100,6/15/2014,22474,0.0,0.8,2,ALB
101,6/15/2014,21477,0.0,0.8,2,ALB
102,6/15/2014,24080,0.1,0.8,2,ALB
103,6/15/2014,21477,0.1,0.8,2,ALB
104,6/15/2014,108,0.4,0.8,2,ALB
105,6/15/2014,17058,0.3,0.9,2,ALB
106,6/15/2014,24080,0.2,1.0,1,AEG
107,6/15/2014,1193,0.3,1.0,1,AEG
108,6/15/2014,24080,0.9,1.0,1,AEG
109,6/15/2014,89,0.0,1.0,2,ALB
110,6/15/2014,22642,0.1,1.0,2,ALB
111,6/15/2014,1193,0.1,1.0,2,ALB
112,6/15/2014,24080,0.1,1.0,2,ALB
113,6/15/2014,24080,0.1,1.0,2,ALB
114,6/15/2014,22642,0.2,1.0,2,ALB
115,6/15/2014,24080,0.2,1.0,2,ALB
116,6/15/2014,22474,0.4,1.0,2,ALB
117,6/15/2014,22474,0.9,1.0,2,ALB
118,6/16/2014,25368,0.0,0.2,2,ALB
119,6/16/2014,11480,0.0,0.8,2,ALB
120,6/16/2014,101,0.1,1.0,2,ALB
121,6/16/2014,21489,0.2,1.0,2,ALB
122,6/17/2014,22642,0.0,0.1,2,ALB
123,6/17/2014,22474,0.1,0.2,2,ALB
124,6/17/2014,22642,0.0,0.5,2,ALB
125,6/17/2014,22360,0.6,0.6,1,AEG
126,6/17/2014,24080,0.0,0.6,2,ALB
127,6/17/2014,22360,0.6,0.9,1,AEG
128,6/17/2014,24080,0.0,0.9,2,ALB
129,6/17/2014,22360,0.5,1.0,1,AEG
130,6/17/2014,22360,0.6,1.0,1,AEG
131,6/17/2014,22360,0.6,1.0,1,AEG
132,6/17/2014,22360,0.8,1.0,1,AEG
133,6/17/2014,22360,0.8,1.0,1,AEG
134,6/17/2014,22360,1.0,1.0,1,AEG
135,6/17/2014,22642,0.0,1.0,2,ALB
136,6/17/2014,22474,0.1,1.0,2,ALB
137,6/17/2014,22474,0.1,1.0,2,ALB
138,6/17/2014,24080,0.1,1.0,2,ALB
139,6/17/2014,24080,0.6,1.0,2,ALB
140,6/18/2014,97,0.0,0.4,2,ALB
141,6/18/2014,97,0.1,0.6,2,ALB
142,6/18/2014,25243,0.0,0.8,1,AEG
143,6/18/2014,25243,0.8,0.8,1,AEG
144,6/18/2014,97,0.0,0.9,2,ALB
145,6/18/2014,25243,0.1,0.9,2,ALB
146,6/18/2014,25243,0.6,1.0,1,AEG
147,6/18/2014,25243,0.8,1.0,1,AEG
148,6/18/2014,25243,0.8,1.0,1,AEG
149,6/18/2014,5348,0.9,1.0,1,AEG
150,6/18/2014,25243,0.1,1.0,2,ALB
151,6/18/2014,25243,0.2,1.0,2,ALB
152,6/19/2014,7761,0.0,0.2,2,ALB
153,6/19/2014,17811,0.1,0.3,2,ALB
154,6/19/2014,108,0.2,0.3,2,ALB
155,6/19/2014,22474,0.0,0.5,2,ALB
156,6/19/2014,24080,0.0,0.6,2,ALB
157,6/19/2014,25243,0.2,0.6,2,ALB
158,6/19/2014,25243,0.1,0.8,1,AEG
159,6/19/2014,25378,0.2,0.8,1,AEG
160,6/19/2014,24080,0.0,0.8,2,ALB
161,6/19/2014,108,0.2,0.8,2,ALB
162,6/19/2014,20396,0.3,0.8,2,ALB
163,6/19/2014,108,0.8,0.8,2,ALB
164,6/19/2014,24080,0.6,0.9,2,ALB
165,6/19/2014,2650,0.0,1.0,1,AEG
166,6/19/2014,2650,0.0,1.0,1,AEG
167,6/19/2014,22756,0.3,1.0,1,AEG
168,6/19/2014,22756,0.3,1.0,1,AEG
169,6/19/2014,4752,1.0,1.0,1,AEG
170,6/19/2014,25243,1.0,1.0,1,AEG
171,6/19/2014,14949,0.0,1.0,2,ALB
172,6/19/2014,18219,0.0,1.0,2,ALB
173,6/19/2014,22642,0.1,1.0,2,ALB
174,6/19/2014,7761,0.1,1.0,2,ALB
175,6/19/2014,1093,0.1,1.0,2,ALB
176,6/19/2014,24080,0.1,1.0,2,ALB
177,6/19/2014,24080,0.1,1.0,2,ALB
178,6/19/2014,24080,0.1,1.0,2,ALB
179,6/19/2014,25243,0.2,1.0,2,ALB
180,6/19/2014,89,0.2,1.0,2,ALB
181,6/19/2014,24080,0.2,1.0,2,ALB
182,6/19/2014,24080,0.3,1.0,2,ALB
183,6/19/2014,22642,0.5,1.0,2,ALB
184,6/19/2014,22642,0.5,1.0,2,ALB
185,6/19/2014,20396,0.8,1.0,2,ALB
186,6/19/2014,22642,1.0,1.0,2,ALB
187,6/22/2014,1792,0.1,0.5,2,ALB
188,6/22/2014,21477,0.0,0.6,2,ALB
189,6/22/2014,22474,0.0,0.8,2,ALB
190,6/22/2014,22474,0.0,0.8,2,ALB
191,6/22/2014,24080,0.3,0.8,2,ALB
192,6/22/2014,21477,0.1,0.9,2,ALB
193,6/22/2014,25243,0.1,0.9,2,ALB
194,6/22/2014,24080,0.2,0.9,2,ALB
195,6/22/2014,4111,0.9,1.0,1,AEG
196,6/22/2014,11635,0.0,1.0,2,ALB
197,6/22/2014,11635,0.1,1.0,2,ALB
198,6/22/2014,22474,0.1,1.0,2,ALB
199,6/22/2014,24080,0.1,1.0,2,ALB
200,6/22/2014,25243,0.1,1.0,2,ALB
201,6/22/2014,2650,0.2,1.0,2,ALB
202,6/22/2014,10618,0.3,1.0,2,ALB
203,6/22/2014,11635,0.4,1.0,2,ALB
204,6/22/2014,25243,0.5,1.0,2,ALB
205,6/22/2014,2650,0.6,1.0,2,ALB
206,6/22/2014,24080,0.8,1.0,2,ALB
207,6/23/2014,25238,0.1,0.1,2,ALB
208,6/23/2014,25273,0.5,0.1,2,ALB
209,6/23/2014,20396,0.5,0.5,2,ALB
210,6/23/2014,25237,0.1,0.6,2,ALB
211,6/23/2014,11480,0.0,0.8,2,ALB
212,6/23/2014,25237,0.9,0.9,1,AEG
213,6/23/2014,22471,0.0,0.9,2,ALB
214,6/23/2014,25237,0.1,0.9,2,ALB
215,6/23/2014,25237,0.1,1.0,2,ALB
216,6/23/2014,20396,0.1,1.0,2,ALB
217,6/23/2014,104,0.2,1.0,2,ALB
218,6/23/2014,35,0.5,1.0,2,ALB
219,6/23/2014,21489,0.8,1.0,2,ALB
220,6/23/2014,20396,1.0,1.0,2,ALB
221,6/24/2014,108,0.0,0.3,2,ALB
222,6/24/2014,1371,0.1,0.5,2,ALB
223,6/24/2014,10618,0.5,0.5,2,ALB
224,6/24/2014,25354,1.0,0.5,2,ALB
225,6/24/2014,108,0.0,0.6,2,ALB
226,6/24/2014,108,0.1,0.6,2,ALB
227,6/24/2014,22474,0.1,0.8,2,ALB
228,6/24/2014,22474,0.5,0.8,2,ALB
229,6/24/2014,1371,0.4,0.9,1,AEG
230,6/24/2014,11479,0.0,0.9,2,ALB
231,6/24/2014,1093,0.0,0.9,2,ALB
232,6/24/2014,25393,1.0,1.0,1,AEG
233,6/24/2014,11635,0.0,1.0,2,ALB
234,6/24/2014,11635,0.0,1.0,2,ALB
235,6/24/2014,22474,0.1,1.0,2,ALB
236,6/24/2014,97,0.1,1.0,2,ALB
237,6/24/2014,114,0.1,1.0,2,ALB
238,6/24/2014,11635,0.1,1.0,2,ALB
239,6/24/2014,7761,0.2,1.0,2,ALB
240,6/24/2014,25354,0.2,1.0,2,ALB
241,6/24/2014,108,0.4,1.0,2,ALB
242,6/24/2014,11635,0.7,1.0,2,ALB
243,6/24/2014,25399,0.9,1.0,2,ALB
244,6/25/2014,18760,0.5,0.0,1,AEG
245,6/25/2014,20396,0.2,0.3,2,ALB
246,6/25/2014,25237,0.0,0.5,2,ALB
247,6/25/2014,19618,0.0,0.8,1,AEG
248,6/25/2014,19618,0.8,0.8,2,ALB
249,6/25/2014,9110,0.4,0.8,2,ALB
250,6/25/2014,25410,0.2,0.9,1,AEG
251,6/25/2014,25410,0.4,0.9,1,AEG
252,6/25/2014,35410,0.5,0.9,1,AEG
253,6/25/2014,25410,0.5,0.9,1,AEG
254,6/25/2014,19618,0.9,0.9,1,AEG
255,6/25/2014,25238,0.0,0.9,2,ALB
256,6/25/2014,25410,0.4,1.0,1,AEG
257,6/25/2014,19618,0.4,1.0,1,AEG
258,6/25/2014,25410,0.5,1.0,1,AEG
259,6/25/2014,25410,0.5,1.0,1,AEG
260,6/25/2014,25410,0.6,1.0,1,AEG
261,6/25/2014,25410,0.8,1.0,1,AEG
262,6/25/2014,19618,1.0,1.0,1,AEG
263,6/25/2014,25239,0.0,1.0,2,ALB
264,6/25/2014,19618,0.0,1.0,2,ALB
265,6/25/2014,25237,0.0,1.0,2,ALB
266,6/25/2014,25237,0.0,1.0,2,ALB
267,6/25/2014,31,0.1,1.0,2,ALB
268,6/25/2014,20396,0.3,1.0,2,ALB
269,6/25/2014,25237,0.3,1.0,2,ALB
270,6/25/2014,20396,0.9,1.0,2,ALB
271,6/26/2014,21477,0.1,0.3,2,ALB
272,6/26/2014,104,0.0,0.5,2,ALB
273,6/26/2014,21477,0.1,0.6,2,ALB
274,6/26/2014,21477,0.2,0.8,2,ALB
275,6/26/2014,11635,0.3,0.8,2,ALB
276,6/26/2014,21613,0.5,0.8,2,ALB
277,6/26/2014,6166,0.0,0.9,2,ALB
278,6/26/2014,22474,0.0,0.9,2,ALB
279,6/26/2014,5348,0.1,0.9,2,ALB
280,6/26/2014,22474,0.2,0.9,2,ALB
281,6/26/2014,97,0.5,0.9,2,ALB
282,6/26/2014,6166,0.0,1.0,2,ALB
283,6/26/2014,22474,0.0,1.0,2,ALB
284,6/26/2014,22474,0.0,1.0,2,ALB
285,6/26/2014,22474,0.0,1.0,2,ALB
286,6/26/2014,21477,0.1,1.0,2,ALB
287,6/26/2014,11635,0.1,1.0,2,ALB
288,6/26/2014,22474,0.1,1.0,2,ALB
289,6/26/2014,21477,0.2,1.0,2,ALB
290,6/26/2014,21477,0.2,1.0,2,ALB
291,6/26/2014,5348,0.2,1.0,2,ALB
292,6/26/2014,21477,0.3,1.0,2,ALB
293,6/26/2014,22474,0.3,1.0,2,ALB
294,6/26/2014,22474,0.3,1.0,2,ALB
295,6/26/2014,22474,0.4,1.0,2,ALB
296,6/26/2014,6166,0.5,1.0,2,ALB
297,6/26/2014,11635,0.8,1.0,2,ALB
298,6/26/2014,22474,0.8,1.0,2,ALB
299,6/26/2014,108,0.9,1.0,2,ALB
300,6/26/2014,89,0.9,1.0,2,ALB
301,6/26/2014,89,0.9,1.0,2,ALB
302,6/26/2014,22474,0.9,1.0,2,ALB
303,6/26/2014,11635,1.0,1.0,2,ALB
304,6/26/2014,11635,1.0,1.0,2,ALB
305,6/26/2014,25243,1.0,1.0,2,ALB
306,6/29/2014,21477,0.0,0.5,2,ALB
307,6/29/2014,97,0.9,0.6,2,ALB
308,6/29/2014,97,0.1,0.8,2,ALB
309,6/29/2014,25243,0.8,0.9,1,AEG
310,6/29/2014,1315,0.1,0.9,2,ALB
311,6/29/2014,1315,0.1,0.9,2,ALB
312,6/29/2014,1315,0.0,1.0,2,ALB
313,6/29/2014,1315,0.0,1.0,2,ALB
314,6/29/2014,1315,0.1,1.0,2,ALB
315,6/29/2014,97,0.1,1.0,2,ALB
316,6/29/2014,97,0.1,1.0,2,ALB
317,6/29/2014,21477,0.1,1.0,2,ALB
318,6/29/2014,97,0.3,1.0,2,ALB
319,6/29/2014,1315,0.8,1.0,2,ALB
320,6/29/2014,1315,0.8,1.0,2,ALB
321,6/29/2014,21477,0.9,1.0,2,ALB
322,6/29/2014,25242,1.0,1.0,2,ALB
323,6/30/2014,17984,0.2,0.2,2,ALB
324,6/30/2014,22504,0.9,0.5,1,AEG
325,6/30/2014,102,0.1,0.8,2,ALB
326,6/30/2014,17984,0.2,0.8,2,ALB
327,6/30/2014,25462,0.6,0.9,1,AEG
328,6/30/2014,25243,0.8,0.9,1,AEG
329,6/30/2014,22474,0.0,0.9,2,ALB
330,6/30/2014,25273,0.0,0.9,2,ALB
331,6/30/2014,22474,0.1,0.9,2,ALB
332,6/30/2014,22504,0.5,1.0,1,AEG
333,6/30/2014,22504,0.6,1.0,1,AEG
334,6/30/2014,22504,0.6,1.0,1,AEG
335,6/30/2014,22504,0.7,1.0,1,AEG
336,6/30/2014,22504,0.8,1.0,1,AEG
337,6/30/2014,25243,1.0,1.0,1,AEG
338,6/30/2014,22474,0.0,1.0,2,ALB
339,6/30/2014,20396,0.0,1.0,2,ALB
340,6/30/2014,22474,0.1,1.0,2,ALB
341,6/30/2014,25,0.1,1.0,2,ALB
342,6/30/2014,25238,0.2,1.0,2,ALB
343,6/30/2014,25238,0.5,1.0,2,ALB
344,6/30/2014,108,0.6,1.0,2,ALB
345,6/30/2014,22474,0.9,1.0,2,ALB
346,6/30/2014,7761,1.0,1.0,2,ALB
347,6/30/2014,24226,1.0,1.0,2,ALB
348,7/1/2014,16421,0.0,0.1,2,ALB
349,7/1/2014,24080,0.3,0.5,2,ALB
350,7/1/2014,25443,0.0,0.9,2,ALB
351,7/1/2014,24080,0.1,0.9,2,ALB
352,7/1/2014,21477,0.1,0.9,2,ALB
353,7/1/2014,90,0.2,0.9,2,ALB
354,7/1/2014,24080,0.7,0.9,2,ALB
355,7/1/2014,25443,1.0,1.0,1,AEG
356,7/1/2014,21477,0.0,1.0,2,ALB
357,7/1/2014,21477,0.0,1.0,2,ALB
358,7/1/2014,2177,0.0,1.0,2,ALB
359,7/1/2014,24080,0.1,1.0,2,ALB
360,7/1/2014,24080,0.1,1.0,2,ALB
361,7/1/2014,6166,0.2,1.0,2,ALB
362,7/1/2014,6166,0.3,1.0,2,ALB
363,7/1/2014,21477,0.3,1.0,2,ALB
364,7/1/2014,22642,0.3,1.0,2,ALB
365,7/1/2014,24080,0.4,1.0,2,ALB
366,7/1/2014,7761,0.5,1.0,2,ALB
367,7/1/2014,24080,0.7,1.0,2,ALB
368,7/1/2014,22474,1.0,1.0,2,ALB
369,7/2/2014,14949,0.3,0.1,1,AEG
370,7/2/2014,20396,0.0,0.2,2,ALB
371,7/2/2014,20396,0.9,0.2,2,ALB
372,7/2/2014,20396,0.0,0.3,2,ALB
373,7/2/2014,17197,0.9,0.9,1,AEG
374,7/2/2014,17197,0.8,1.0,1,AEG
375,7/2/2014,17197,0.8,1.0,1,AEG
376,7/2/2014,20396,0.0,1.0,2,ALB
377,7/2/2014,20396,0.0,1.0,2,ALB
378,7/2/2014,25237,0.1,1.0,2,ALB
379,7/2/2014,20396,0.2,1.0,2,ALB
380,7/2/2014,20396,0.3,1.0,2,ALB
381,7/2/2014,20396,0.3,1.0,2,ALB
382,7/3/2014,14876,0.4,1.0,1,AEG
383,7/3/2014,14876,1.0,1.0,1,AEG
384,7/8/2014,22474,0.6,0.4,2,ALB
385,7/8/2014,5348,0.2,0.8,2,ALB
386,7/8/2014,22474,0.9,0.9,2,ALB
387,7/8/2014,22474,0.0,1.0,2,ALB
388,7/8/2014,24080,0.1,1.0,2,ALB
389,7/8/2014,24080,0.2,1.0,2,ALB
390,7/8/2014,24080,0.2,1.0,2,ALB
391,7/8/2014,5348,0.3,1.0,2,ALB
392,7/8/2014,24080,0.4,1.0,2,ALB
393,7/8/2014,21477,0.7,1.0,2,ALB
394,7/8/2014,24080,1.0,1.0,2,ALB
395,7/9/2014,21489,0.1,0.6,2,ALB
396,7/9/2014,25237,0.2,0.9,2,ALB
397,7/9/2014,21489,0.1,1.0,2,ALB
398,7/9/2014,25237,0.1,1.0,2,ALB
399,7/9/2014,11480,0.2,1.0,2,ALB
400,7/9/2014,21489,0.3,1.0,2,ALB
401,7/10/2014,21639,0.5,0.6,1,AEG
402,7/10/2014,21639,0.9,0.7,1,AEG
403,7/10/2014,21639,0.1,0.8,1,AEG
404,7/10/2014,31,0.3,0.8,2,ALB
405,7/10/2014,25493,0.0,0.9,1,AEG
406,7/10/2014,21639,0.5,0.9,1,AEG
407,7/10/2014,25493,0.7,0.9,1,AEG
408,7/10/2014,25493,0.9,0.9,1,AEG
409,7/10/2014,25493,0.9,0.9,1,AEG
410,7/10/2014,25493,0.9,0.9,1,AEG
411,7/10/2014,11634,0.1,0.9,2,ALB
412,7/10/2014,21639,0.2,1.0,1,AEG
413,7/10/2014,21639,0.7,1.0,1,AEG
414,7/10/2014,21639,0.7,1.0,1,AEG
415,7/10/2014,21639,0.7,1.0,1,AEG
416,7/10/2014,18643,0.7,1.0,1,AEG
417,7/10/2014,21639,0.9,1.0,1,AEG
418,7/10/2014,21639,1.0,1.0,1,AEG
419,7/13/2014,24080,0.0,0.0,2,ALB
420,7/13/2014,108,0.1,0.1,2,ALB
421,7/13/2014,25546,0.8,0.8,1,AEG
422,7/13/2014,11635,0.1,0.8,2,ALB
423,7/13/2014,25548,0.8,0.8,2,ALB
424,7/13/2014,11967,0.2,0.9,1,AEG
425,7/13/2014,11967,0.7,0.9,1,AEG
426,7/13/2014,11967,0.9,0.9,1,AEG
427,7/13/2014,25546,0.4,1.0,1,AEG
428,7/13/2014,25548,0.6,1.0,1,AEG
429,7/13/2014,11967,0.7,1.0,1,AEG
430,7/13/2014,11967,0.9,1.0,1,AEG
431,7/13/2014,11635,0.0,1.0,2,ALB
432,7/13/2014,24080,0.0,1.0,2,ALB
433,7/13/2014,24080,0.0,1.0,2,ALB
434,7/13/2014,24080,0.1,1.0,2,ALB
435,7/13/2014,24080,0.1,1.0,2,ALB
436,7/13/2014,24080,0.1,1.0,2,ALB
437,7/13/2014,97,0.2,1.0,2,ALB
438,7/13/2014,24080,0.2,1.0,2,ALB
439,7/13/2014,24080,0.4,1.0,2,ALB
440,7/13/2014,24080,0.8,1.0,2,ALB
441,7/13/2014,25242,1.0,1.0,2,ALB
442,7/14/2014,16713,0.0,0.4,2,ALB
443,7/14/2014,20396,0.6,0.5,2,ALB
444,7/14/2014,16713,0.1,0.8,2,ALB
445,7/14/2014,20396,0.1,1.0,2,ALB
446,7/14/2014,20396,0.3,1.0,2,ALB
447,7/14/2014,25238,0.6,1.0,2,ALB
448,7/15/2014,15201,0.0,0.2,2,ALB
449,7/15/2014,15201,0.0,0.5,2,ALB
450,7/15/2014,3372,0.5,0.8,2,ALB
451,7/15/2014,3372,0.5,0.9,1,AEG
452,7/15/2014,15032,0.9,0.9,1,AEG
453,7/15/2014,21477,0.1,0.9,2,ALB
454,7/15/2014,22642,0.1,0.9,2,ALB
455,7/15/2014,7761,0.2,0.9,2,ALB
456,7/15/2014,7761,0.2,0.9,2,ALB
457,7/15/2014,6166,0.2,0.9,2,ALB
458,7/15/2014,24080,0.5,0.9,2,ALB
459,7/15/2014,6166,0.0,1.0,2,ALB
460,7/15/2014,21477,0.1,1.0,2,ALB
461,7/15/2014,102,0.1,1.0,2,ALB
462,7/15/2014,6166,0.2,1.0,2,ALB
463,7/15/2014,6166,0.3,1.0,2,ALB
464,7/15/2014,24080,0.3,1.0,2,ALB
465,7/15/2014,11634,0.5,1.0,2,ALB
466,7/15/2014,6166,0.6,1.0,2,ALB
467,7/15/2014,102,0.7,1.0,2,ALB
468,7/16/2014,97,0.2,0.1,2,ALB
469,7/16/2014,22642,0.2,0.2,2,ALB
470,7/16/2014,22642,0.0,0.5,2,ALB
471,7/16/2014,20396,0.2,0.5,2,ALB
472,7/16/2014,11635,0.3,0.5,2,ALB
473,7/16/2014,25569,0.5,0.7,2,ALB
474,7/16/2014,97,0.0,0.8,2,ALB
475,7/16/2014,108,0.0,0.8,2,ALB
476,7/16/2014,15470,0.1,0.8,2,ALB
477,7/16/2014,25273,0.1,0.9,2,ALB
478,7/16/2014,11635,0.1,0.9,2,ALB
479,7/16/2014,15470,0.1,0.9,2,ALB
480,7/16/2014,97,0.2,0.9,2,ALB
481,7/16/2014,35,0.6,0.9,2,ALB
482,7/16/2014,11635,0.9,0.9,2,ALB
483,7/16/2014,25569,0.9,0.9,2,ALB
484,7/16/2014,25562,0.0,1.0,1,AEG
485,7/16/2014,25245,0.0,1.0,2,ALB
486,7/16/2014,20396,0.1,1.0,2,ALB
487,7/16/2014,11635,0.1,1.0,2,ALB
488,7/16/2014,11635,0.2,1.0,2,ALB
489,7/16/2014,15470,0.2,1.0,2,ALB
490,7/16/2014,15470,0.2,1.0,2,ALB
491,7/16/2014,25239,0.2,1.0,2,ALB
492,7/16/2014,25569,0.2,1.0,2,ALB
493,7/16/2014,22642,0.2,1.0,2,ALB
494,7/16/2014,15470,0.5,1.0,2,ALB
495,7/16/2014,25569,0.5,1.0,2,ALB
496,7/16/2014,25569,0.5,1.0,2,ALB
497,7/16/2014,25239,0.9,1.0,2,ALB
498,7/16/2014,22474,1.0,1.0,2,ALB
499,7/16/2014,15470,1.0,1.0,2,ALB
500,7/16/2014,25569,1.0,1.0,2,ALB
501,7/16/2014,25569,1.0,1.0,2,ALB
502,7/17/2014,22756,0.8,0.3,1,AEG
503,7/17/2014,15227,0.0,0.3,2,ALB
504,7/17/2014,11634,0.1,0.3,2,ALB
505,7/17/2014,22756,0.5,0.5,1,AEG
506,7/17/2014,22756,0.4,0.7,1,AEG
507,7/17/2014,10618,0.7,0.9,1,AEG
508,7/17/2014,22756,0.1,1.0,1,AEG
509,7/17/2014,22756,0.3,1.0,1,AEG
510,7/17/2014,22756,0.6,1.0,1,AEG
511,7/17/2014,22756,0.7,1.0,1,AEG
512,7/17/2014,22483,0.0,1.0,2,ALB
513,7/17/2014,7761,0.2,1.0,2,ALB
514,7/17/2014,24080,0.5,1.0,2,ALB
515,7/17/2014,10618,0.7,1.0,2,ALB
516,7/20/2014,6166,0.2,0.2,2,ALB
517,7/20/2014,1193,0.9,0.8,1,AEG
518,7/20/2014,22642,0.0,0.8,2,ALB
519,7/20/2014,97,0.1,0.9,2,ALB
520,7/20/2014,22642,0.1,0.9,2,ALB
521,7/20/2014,22642,0.2,0.9,2,ALB
522,7/20/2014,12471,0.9,1.0,1,AEG
523,7/20/2014,7761,0.0,1.0,2,ALB
524,7/20/2014,90,0.0,1.0,2,ALB
525,7/20/2014,25242,0.1,1.0,2,ALB
526,7/20/2014,6166,0.2,1.0,2,ALB
527,7/20/2014,10618,0.2,1.0,2,ALB
528,7/20/2014,25243,0.3,1.0,2,ALB
529,7/20/2014,1193,1.0,1.0,2,ALB
530,7/21/2014,25540,0.0,0.0,1,AEG
531,7/21/2014,25540,0.0,0.3,1,AEG
532,7/21/2014,35,0.0,0.5,2,ALB
533,7/21/2014,22495,0.1,0.7,2,ALB
534,7/21/2014,21489,0.1,0.8,2,ALB
535,7/21/2014,25540,0.3,0.9,1,AEG
536,7/21/2014,35,0.9,0.9,2,ALB
537,7/21/2014,25540,0.3,1.0,1,AEG
538,7/21/2014,25576,0.6,1.0,1,AEG
539,7/21/2014,25540,0.6,1.0,1,AEG
540,7/21/2014,1792,0.7,1.0,1,AEG
541,7/21/2014,25576,0.8,1.0,1,AEG
542,7/21/2014,25540,0.8,1.0,1,AEG
543,7/21/2014,25576,0.9,1.0,1,AEG
544,7/21/2014,25540,0.9,1.0,1,AEG
545,7/21/2014,25540,0.9,1.0,1,AEG
546,7/21/2014,25540,0.9,1.0,1,AEG
547,7/21/2014,25540,0.9,1.0,1,AEG
548,7/21/2014,25540,1.0,1.0,1,AEG
549,7/21/2014,31,0.0,1.0,2,ALB
550,7/21/2014,35,0.1,1.0,2,ALB
551,7/21/2014,25238,0.1,1.0,2,ALB
552,7/21/2014,35,0.2,1.0,2,ALB
553,7/21/2014,25239,0.8,1.0,2,ALB
554,7/21/2014,25239,0.8,1.0,2,ALB
555,7/22/2014,97,0.0,0.1,2,ALB
556,7/22/2014,22483,0.0,0.1,2,ALB
557,7/22/2014,22483,0.0,0.5,2,ALB
558,7/22/2014,25584,0.3,0.7,1,AEG
559,7/22/2014,11967,1.0,0.8,1,AEG
560,7/22/2014,22483,0.0,0.8,2,ALB
561,7/22/2014,22483,0.0,0.8,2,ALB
562,7/22/2014,25584,0.9,0.9,1,AEG
563,7/22/2014,11967,0.3,1.0,1,AEG
564,7/22/2014,11967,0.4,1.0,1,AEG
565,7/22/2014,11967,0.5,1.0,1,AEG
566,7/22/2014,11967,0.8,1.0,1,AEG
567,7/22/2014,11967,0.9,1.0,1,AEG
568,7/22/2014,11967,0.9,1.0,1,AEG
569,7/22/2014,11967,1.0,1.0,1,AEG
570,7/22/2014,11967,1.0,1.0,1,AEG
571,7/22/2014,25584,1.0,1.0,1,AEG
572,7/22/2014,25243,0.0,1.0,2,ALB
573,7/22/2014,11635,0.0,1.0,2,ALB
574,7/22/2014,22483,0.2,1.0,2,ALB
575,7/22/2014,9831,1.0,1.0,2,ALB
576,7/22/2014,25242,1.0,1.0,2,ALB
577,7/23/2014,21937,0.0,0.7,1,AEG
578,7/23/2014,20396,0.0,0.9,2,ALB
579,7/23/2014,25591,0.1,1.0,1,AEG
580,7/23/2014,25591,0.1,1.0,1,AEG
581,7/23/2014,25591,0.9,1.0,1,AEG
582,7/23/2014,104,0.0,1.0,2,ALB
583,7/23/2014,25238,0.0,1.0,2,ALB
584,7/23/2014,11480,0.0,1.0,2,ALB
585,7/23/2014,24827,0.1,1.0,2,ALB
586,7/23/2014,20396,0.1,1.0,2,ALB
587,7/23/2014,22480,0.1,1.0,2,ALB
588,7/23/2014,25238,0.2,1.0,2,ALB
589,7/23/2014,104,0.8,1.0,2,ALB
590,7/24/2014,2761,0.3,1.0,1,AEG
591,7/24/2014,21892,1.0,1.0,1,AEG
592,4/15/2016,,0.1,0.9,2,ALB
593,4/19/2016,,1.0,1.0,1,AEG
594,4/20/2016,,0.4,1.0,1,AEG
595,4/20/2016,,0.8,1.0,1,AEG
596,4/21/2016,,0.5,1.0,1,AEG
597,4/21/2016,,0.1,1.0,2,ALB
598,4/22/2016,,0.9,1.0,1,AEG
599,4/27/2016,,0.4,1.0,1,AEG
600,4/27/2016,,0.9,1.0,1,AEG
601,4/29/2016,,0.4,1.0,1,AEG
602,4/29/2016,,0.5,1.0,1,AEG
603,5/5/2016,,0.4,0.3,1,AEG
604,5/5/2016,,0.3,0.9,1,AEG
605,5/5/2016,,0.2,1.0,1,AEG
606,5/17/2016,,0.2,1.0,2,ALB
607,5/20/2016,,0.1,0.8,1,AEG
608,5/20/2016,,0.7,0.8,1,AEG
609,5/20/2016,,0.0,0.8,2,ALB
610,5/20/2016,,0.1,1.0,1,AEG
611,5/20/2016,,0.8,1.0,1,AEG
612,5/20/2016,,0.9,1.0,1,AEG
613,5/20/2016,,0.1,1.0,2,ALB
614,5/22/2016,,0.1,0.7,2,ALB
615,5/22/2016,,0.6,0.9,1,AEG
616,5/22/2016,,0.1,1.0,2,ALB
617,5/22/2016,,0.2,1.0,2,ALB
618,5/24/2016,,0.3,0.9,2,ALB
619,5/24/2016,,0.1,1.0,2,ALB
620,5/25/2016,,0.5,0.5,2,ALB
621,5/25/2016,,0.0,0.9,2,ALB
622,5/25/2016,,0.1,0.9,2,ALB
623,5/25/2016,,0.2,0.9,2,ALB
624,5/25/2016,,0.3,0.9,2,ALB
625,5/25/2016,,0.4,0.9,2,ALB
626,5/25/2016,,0.0,1.0,2,ALB
627,5/25/2016,,0.1,1.0,2,ALB
628,5/25/2016,,0.1,1.0,2,ALB
629,5/25/2016,,0.1,1.0,2,ALB
630,5/25/2016,,0.2,1.0,2,ALB
631,5/25/2016,,0.2,1.0,2,ALB
632,5/25/2016,,0.7,1.0,2,ALB
633,5/25/2016,,0.9,1.0,2,ALB
634,5/25/2016,,0.9,1.0,2,ALB
635,5/25/2016,,0.9,0.1,2,ALB
636,5/26/2016,,0.8,0.6,1,AEG
637,5/26/2016,,0.1,0.7,2,ALB
638,5/26/2016,,0.1,0.8,2,ALB
639,5/26/2016,,0.0,0.9,2,ALB
640,5/26/2016,,0.3,0.9,2,ALB
641,5/27/2016,,0.0,0.2,2,ALB
642,5/27/2016,,0.0,0.8,2,ALB
643,5/27/2016,,0.2,0.9,1,AEG
644,5/27/2016,,0.1,0.9,2,ALB
645,5/27/2016,,0.1,0.9,2,ALB
646,5/27/2016,,0.1,0.9,2,ALB
647,5/27/2016,,0.4,0.9,2,ALB
648,5/27/2016,,0.9,0.9,2,ALB
649,5/27/2016,,0.0,1.0,2,ALB
650,5/27/2016,,0.5,1.0,2,ALB
651,5/27/2016,,0.8,1.0,2,ALB
652,5/27/2016,,0.9,1.0,2,ALB
653,5/31/2016,,0.3,0.9,2,ALB
654,6/1/2016,,0.1,0.8,2,ALB
655,6/1/2016,,0.1,0.8,2,ALB
656,6/1/2016,,0.1,0.9,2,ALB
657,6/1/2016,,1.0,0.9,2,ALB
658,6/1/2016,,0.0,1.0,2,ALB
659,6/1/2016,,0.3,1.0,2,ALB
660,6/2/2016,,1.0,0.4,2,ALB
661,6/2/2016,,0.4,0.7,2,ALB
662,6/2/2016,,0.1,0.8,2,ALB
663,6/2/2016,,0.1,1.0,2,ALB
664,6/2/2016,,0.4,1.0,2,ALB
665,6/2/2016,,0.8,1.0,2,ALB
666,6/3/2016,,0.0,0.4,2,ALB
667,6/3/2016,,0.2,0.6,2,ALB
668,6/3/2016,,0.0,0.8,2,ALB
669,6/3/2016,,0.1,0.8,2,ALB
670,6/3/2016,,0.0,0.9,2,ALB
671,6/3/2016,,0.9,0.9,2,ALB
672,6/3/2016,,0.8,1.0,1,AEG
673,6/3/2016,,0.8,1.0,1,AEG
674,6/3/2016,,1.0,1.0,1,AEG
675,6/3/2016,,0.0,1.0,2,ALB
676,6/3/2016,,0.6,1.0,2,ALB
677,6/3/2016,,0.8,1.0,2,ALB
678,6/3/2016,,0.8,1.0,2,ALB
679,6/3/2016,,1.0,1.0,2,ALB
680,6/6/2016,,0.1,0.1,2,ALB
681,6/6/2016,,0.3,0.3,2,ALB
682,6/6/2016,,0.3,0.3,2,ALB
683,6/6/2016,,0.1,0.7,2,ALB
684,6/6/2016,,0.5,0.8,1,AEG
685,6/6/2016,,0.0,0.8,2,ALB
686,6/6/2016,,0.4,0.8,2,ALB
687,6/6/2016,,0.6,0.8,2,ALB
688,6/6/2016,,0.1,0.9,2,ALB
689,6/6/2016,,0.1,0.9,2,ALB
690,6/6/2016,,0.1,0.9,2,ALB
691,6/6/2016,,0.1,0.9,2,ALB
692,6/6/2016,,0.3,0.9,2,ALB
693,6/6/2016,,0.4,0.9,2,ALB
694,6/6/2016,,0.9,0.9,2,ALB
695,6/6/2016,,0.7,1.0,1,AEG
696,6/6/2016,,0.1,1.0,2,ALB
697,6/6/2016,,0.1,1.0,2,ALB
698,6/6/2016,,0.1,1.0,2,ALB
699,6/6/2016,,0.5,1.0,2,ALB
700,6/6/2016,,0.5,1.0,2,ALB
701,6/6/2016,,1.0,1.0,2,ALB
702,6/7/2016,,0.1,1.0,2,ALB
703,6/8/2016,,0.1,0.5,2,ALB
704,6/8/2016,,0.1,0.8,2,ALB
705,6/8/2016,,0.1,0.9,2,ALB
706,6/8/2016,,0.6,0.9,2,ALB
707,6/8/2016,,0.9,0.9,2,ALB
708,6/8/2016,,0.8,1.0,1,AEG
709,6/8/2016,,0.0,1.0,2,ALB
710,6/8/2016,,0.1,1.0,2,ALB
711,6/8/2016,,0.1,1.0,2,ALB
712,6/8/2016,,0.1,1.0,2,ALB
713,6/8/2016,,0.1,1.0,2,ALB
714,6/8/2016,,0.1,1.0,2,ALB
715,6/8/2016,,0.8,1.0,2,ALB
716,6/9/2016,,0.1,0.8,2,ALB
717,6/9/2016,,0.1,0.8,2,ALB
718,6/9/2016,,0.0,0.9,2,ALB
719,6/9/2016,,0.2,1.0,2,ALB
720,6/10/2016,,0.0,0.2,2,ALB
721,6/10/2016,,0.1,0.3,2,ALB
722,6/10/2016,,0.0,0.5,2,ALB
723,6/10/2016,,0.1,0.5,2,ALB
724,6/10/2016,,0.1,0.7,2,ALB
725,6/10/2016,,0.4,0.8,1,AEG
726,6/10/2016,,0.1,0.9,2,ALB
727,6/10/2016,,0.1,0.9,2,ALB
728,6/10/2016,,0.1,0.9,2,ALB
729,6/10/2016,,0.7,1.0,1,AEG
730,6/10/2016,,0.0,1.0,2,ALB
731,6/10/2016,,0.1,1.0,2,ALB
732,6/10/2016,,0.1,1.0,2,ALB
733,6/10/2016,,0.1,1.0,2,ALB
734,6/10/2016,,0.1,1.0,2,ALB
735,6/10/2016,,0.1,1.0,2,ALB
736,6/10/2016,,0.3,1.0,2,ALB
737,6/10/2016,,0.8,1.0,2,ALB
738,6/10/2016,,1.0,1.0,2,ALB
739,6/13/2016,,0.1,0.2,2,ALB
740,6/13/2016,,0.2,0.2,2,ALB
741,6/13/2016,,0.7,0.6,2,ALB
742,6/13/2016,,0.0,0.8,2,ALB
743,6/13/2016,,0.1,0.8,2,ALB
744,6/13/2016,,0.7,1.0,1,AEG
745,6/13/2016,,0.1,1.0,2,ALB
746,6/13/2016,,0.1,1.0,2,ALB
747,6/13/2016,,0.3,1.0,2,ALB
748,6/13/2016,,0.3,1.0,2,ALB
749,6/13/2016,,0.3,1.0,2,ALB
750,6/13/2016,,0.7,1.0,2,ALB
751,6/13/2016,,0.8,1.0,2,ALB
752,6/14/2016,,0.0,0.8,2,ALB
753,6/14/2016,,0.2,0.9,2,ALB
754,6/14/2016,,0.1,1.0,1,AEG
755,6/14/2016,,0.9,1.0,1,AEG
756,6/14/2016,,0.0,1.0,2,ALB
757,6/14/2016,,0.0,1.0,2,ALB
758,6/14/2016,,0.1,1.0,2,ALB
759,6/14/2016,,0.1,1.0,2,ALB
760,6/14/2016,,0.2,1.0,2,ALB
761,6/14/2016,,0.3,1.0,2,ALB
762,6/15/2016,,0.0,0.3,2,ALB
763,6/15/2016,,0.2,0.5,2,ALB
764,6/15/2016,,0.1,0.6,2,ALB
765,6/15/2016,,0.0,0.7,2,ALB
766,6/15/2016,,0.1,0.7,2,ALB
767,6/15/2016,,0.8,0.8,1,AEG
768,6/15/2016,,0.0,0.8,2,ALB
769,6/15/2016,,0.1,0.8,2,ALB
770,6/15/2016,,0.9,0.8,2,ALB
771,6/15/2016,,0.8,0.9,1,AEG
772,6/15/2016,,0.0,0.9,2,ALB
773,6/15/2016,,0.4,1.0,1,AEG
774,6/15/2016,,0.4,1.0,1,AEG
775,6/15/2016,,0.7,1.0,1,AEG
776,6/15/2016,,0.7,1.0,1,AEG
777,6/15/2016,,0.8,1.0,1,AEG
778,6/15/2016,,0.8,1.0,1,AEG
779,6/15/2016,,0.1,1.0,2,ALB
780,6/15/2016,,0.1,1.0,2,ALB
781,6/15/2016,,0.1,1.0,2,ALB
782,6/15/2016,,0.1,1.0,2,ALB
783,6/15/2016,,0.1,1.0,2,ALB
784,6/15/2016,,0.2,1.0,2,ALB
785,6/15/2016,,0.2,1.0,2,ALB
786,6/16/2016,,0.3,0.9,2,ALB
787,6/16/2016,,0.6,0.9,2,ALB
788,6/16/2016,,0.9,0.9,2,ALB
789,6/16/2016,,0.6,1.0,1,AEG
790,6/16/2016,,0.1,1.0,2,ALB
791,6/16/2016,,0.1,1.0,2,ALB
792,6/16/2016,,0.1,1.0,2,ALB
793,6/16/2016,,0.1,1.0,2,ALB
794,6/16/2016,,0.1,1.0,2,ALB
795,6/16/2016,,0.7,1.0,2,ALB
796,6/23/2016,,0.1,0.5,1,AEG
797,6/23/2016,,0.8,0.8,1,AEG
798,6/23/2016,,0.0,0.8,2,ALB
799,6/23/2016,,0.1,0.8,2,ALB
800,6/23/2016,,0.3,0.9,1,AEG
801,6/23/2016,,0.1,0.9,2,ALB
802,6/23/2016,,0.1,0.9,2,ALB
803,6/23/2016,,0.3,0.9,2,ALB
804,6/23/2016,,0.1,1.0,1,AEG
805,6/23/2016,,0.7,1.0,1,AEG
806,6/23/2016,,0.1,1.0,2,ALB
807,6/23/2016,,0.1,1.0,2,ALB
808,6/23/2016,,0.1,1.0,2,ALB
809,6/23/2016,,0.1,1.0,2,ALB
810,6/23/2016,,0.1,1.0,2,ALB
811,6/23/2016,,0.1,1.0,2,ALB
812,6/23/2016,,0.1,1.0,2,ALB
813,6/23/2016,,0.1,1.0,2,ALB
814,6/23/2016,,0.1,1.0,2,ALB
815,6/24/2016,,0.1,0.0,2,ALB
816,6/24/2016,,0.0,0.2,2,ALB
817,6/24/2016,,0.0,0.3,2,ALB
818,6/24/2016,,0.0,0.3,2,ALB
819,6/24/2016,,0.0,0.4,2,ALB
820,6/24/2016,,0.0,0.4,2,ALB
821,6/24/2016,,0.0,0.4,2,ALB
822,6/24/2016,,0.2,0.5,2,ALB
823,6/24/2016,,0.9,0.5,2,ALB
824,6/24/2016,,0.6,0.6,2,ALB
825,6/24/2016,,0.0,0.7,2,ALB
826,6/24/2016,,0.2,0.7,2,ALB
827,6/24/2016,,0.1,0.8,2,ALB
828,6/24/2016,,0.1,0.8,2,ALB
829,6/24/2016,,0.5,0.8,2,ALB
830,6/24/2016,,0.0,0.9,2,ALB
831,6/24/2016,,0.0,0.9,2,ALB
832,6/24/2016,,0.0,0.9,2,ALB
833,6/24/2016,,0.0,0.9,2,ALB
834,6/24/2016,,0.1,0.9,2,ALB
835,6/24/2016,,0.1,0.9,2,ALB
836,6/24/2016,,0.1,0.9,2,ALB
837,6/24/2016,,0.3,0.9,2,ALB
838,6/24/2016,,0.4,0.9,2,ALB
839,6/24/2016,,0.5,0.9,2,ALB
840,6/24/2016,,0.8,1.0,1,AEG
841,6/24/2016,,0.0,1.0,2,ALB
842,6/24/2016,,0.0,1.0,2,ALB
843,6/24/2016,,0.0,1.0,2,ALB
844,6/24/2016,,0.0,1.0,2,ALB
845,6/24/2016,,0.1,1.0,2,ALB
846,6/24/2016,,0.1,1.0,2,ALB
847,6/24/2016,,0.1,1.0,2,ALB
848,6/24/2016,,0.1,1.0,2,ALB
849,6/24/2016,,0.1,1.0,2,ALB
850,6/24/2016,,0.2,1.0,2,ALB
851,6/24/2016,,0.2,1.0,2,ALB
852,6/24/2016,,0.2,1.0,2,ALB
853,6/24/2016,,0.2,1.0,2,ALB
854,6/24/2016,,0.2,1.0,2,ALB
855,6/24/2016,,0.2,1.0,2,ALB
856,6/24/2016,,0.3,1.0,2,ALB
857,6/24/2016,,0.5,1.0,2,ALB
858,6/24/2016,,0.6,1.0,2,ALB
859,6/24/2016,,0.9,1.0,2,ALB
860,6/24/2016,,0.9,1.0,2,ALB
861,6/24/2016,,0.9,1.0,2,ALB
862,6/24/2016,,1.0,1.0,2,ALB
863,6/27/2016,,0.0,0.5,2,ALB
864,6/27/2016,,0.1,0.8,2,ALB
865,6/27/2016,,0.0,0.9,2,ALB
866,6/27/2016,,0.0,0.9,2,ALB
867,6/27/2016,,0.1,0.9,2,ALB
868,6/27/2016,,0.4,0.9,2,ALB
869,6/27/2016,,0.8,0.9,2,ALB
870,6/27/2016,,0.6,1.0,1,AEG
871,6/27/2016,,0.0,1.0,2,ALB
872,6/27/2016,,0.1,1.0,2,ALB
873,6/27/2016,,0.1,1.0,2,ALB
874,6/27/2016,,0.1,1.0,2,ALB
875,6/27/2016,,0.1,1.0,2,ALB
876,6/27/2016,,0.2,1.0,2,ALB
877,6/27/2016,,0.3,1.0,2,ALB
878,6/27/2016,,0.3,1.0,2,ALB
879,6/27/2016,,0.4,1.0,2,ALB
880,6/27/2016,,0.9,1.0,2,ALB
881,6/28/2016,,0.3,0.8,1,AEG
882,6/28/2016,,0.5,0.8,1,AEG
883,6/28/2016,,0.1,0.8,2,ALB
884,6/28/2016,,0.8,0.9,1,AEG
885,6/28/2016,,0.8,0.9,2,ALB
886,6/28/2016,,0.6,1.0,1,AEG
887,6/28/2016,,0.6,1.0,1,AEG
888,6/28/2016,,0.6,1.0,1,AEG
889,6/28/2016,,0.0,1.0,2,ALB
890,6/28/2016,,0.1,1.0,2,ALB
891,6/28/2016,,0.4,1.0,2,ALB
893,6/29/2016,,0.1,0.9,2,ALB
894,6/29/2016,,0.1,0.9,2,ALB
895,6/29/2016,,0.0,1.0,2,ALB
896,6/29/2016,,0.1,1.0,2,ALB
897,6/29/2016,,0.1,1.0,2,ALB
898,6/30/2016,,0.0,0.5,2,ALB
899,6/30/2016,,0.1,0.6,2,ALB
900,6/30/2016,,0.0,0.7,2,ALB
901,6/30/2016,,0.0,0.7,2,ALB
902,6/30/2016,,0.1,0.8,2,ALB
903,6/30/2016,,0.1,0.9,2,ALB
904,6/30/2016,,0.2,0.9,2,ALB
905,6/30/2016,,0.8,0.9,2,ALB
906,6/30/2016,,0.2,1.0,2,ALB
907,7/1/2016,,0.9,0.1,2,ALB
908,7/1/2016,,0.9,0.5,2,ALB
909,7/1/2016,,0.1,0.8,2,ALB
910,7/1/2016,,0.8,0.8,2,ALB
911,7/1/2016,,0.3,0.9,1,AEG
912,7/1/2016,,0.0,0.9,2,ALB
913,7/1/2016,,0.1,0.9,2,ALB
914,7/1/2016,,0.1,0.9,2,ALB
915,7/1/2016,,0.1,0.9,2,ALB
916,7/1/2016,,0.1,0.9,2,ALB
917,7/1/2016,,0.2,0.9,2,ALB
918,7/1/2016,,0.3,0.9,2,ALB
919,7/1/2016,,0.9,0.9,2,ALB
920,7/1/2016,,0.0,1.0,2,ALB
921,7/1/2016,,0.1,1.0,2,ALB
922,7/1/2016,,0.3,1.0,2,ALB
923,7/1/2016,,0.5,1.0,2,ALB
924,7/1/2016,,0.8,1.0,2,ALB
925,7/1/2016,,1.0,1.0,2,ALB
926,7/1/2016,,1.0,1.0,2,ALB
927,7/5/2016,,0.0,0.3,2,ALB
928,7/5/2016,,0.0,0.9,2,ALB
929,7/5/2016,,0.1,1.0,2,ALB
930,7/5/2016,,0.5,1.0,2,ALB
931,7/5/2016,,0.9,1.0,2,ALB
932,7/6/2016,,0.7,0.8,2,ALB
933,7/6/2016,,0.1,1.0,2,ALB
934,7/6/2016,,0.1,1.0,2,ALB
935,7/6/2016,,0.1,1.0,2,ALB
936,7/6/2016,,0.1,1.0,2,ALB
937,7/6/2016,,0.1,1.0,2,ALB
938,7/6/2016,,0.1,1.0,2,ALB
939,7/6/2016,,0.6,1.0,2,ALB
940,7/6/2016,,1.0,1.0,2,ALB
941,7/7/2016,,0.0,1.0,2,ALB
942,7/7/2016,,0.1,1.0,2,ALB
943,7/7/2016,,0.1,1.0,2,ALB
944,7/7/2016,,0.1,1.0,2,ALB
945,7/7/2016,,0.1,1.0,2,ALB
946,7/7/2016,,0.4,1.0,2,ALB
947,7/8/2016,,0.2,0.5,2,ALB
948,7/8/2016,,0.0,0.8,2,ALB
949,7/8/2016,,0.1,0.8,2,ALB
950,7/8/2016,,0.3,0.8,2,ALB
951,7/8/2016,,0.0,0.9,2,ALB
952,7/8/2016,,0.2,0.9,2,ALB
953,7/8/2016,,0.9,0.9,2,ALB
954,7/8/2016,,0.1,1.0,2,ALB
955,7/8/2016,,0.1,1.0,2,ALB
956,7/8/2016,,0.3,1.0,2,ALB
957,7/8/2016,,0.8,1.0,2,ALB
958,7/8/2016,,1.0,1.0,2,ALB
959,7/11/2016,,0.1,0.3,2,ALB
960,7/11/2016,,0.1,0.8,2,ALB
961,7/11/2016,,0.9,0.8,2,ALB
962,7/11/2016,,0.6,0.9,2,ALB
963,7/11/2016,,0.8,1.0,1,AEG
964,7/11/2016,,0.0,1.0,2,ALB
965,7/11/2016,,0.1,1.0,2,ALB
966,7/11/2016,,0.3,1.0,2,ALB
967,7/12/2016,,0.1,0.3,2,ALB
968,7/12/2016,,0.0,0.8,2,ALB
969,7/12/2016,,0.1,0.9,2,ALB
970,7/13/2016,,0.6,0.2,2,ALB
971,7/13/2016,,1.0,0.2,2,ALB
972,7/13/2016,,0.1,0.7,2,ALB
973,7/13/2016,,0.7,0.9,1,AEG
974,7/13/2016,,1.0,0.9,1,AEG
975,7/13/2016,,0.0,0.9,2,ALB
976,7/13/2016,,0.0,0.9,2,ALB
977,7/13/2016,,0.0,0.9,2,ALB
978,7/13/2016,,0.1,0.9,2,ALB
979,7/13/2016,,0.1,0.9,2,ALB
980,7/13/2016,,0.1,0.9,2,ALB
981,7/13/2016,,0.1,0.9,2,ALB
982,7/13/2016,,0.4,0.9,2,ALB
983,7/13/2016,,0.8,0.9,2,ALB
984,7/13/2016,,0.9,0.9,2,ALB
985,7/13/2016,,0.9,1.0,1,AEG
986,7/13/2016,,0.1,1.0,2,ALB
987,7/13/2016,,0.1,1.0,2,ALB
988,7/13/2016,,0.1,1.0,2,ALB
989,7/13/2016,,0.1,1.0,2,ALB
990,7/13/2016,,0.8,1.0,2,ALB
991,7/13/2016,20431,0.0,0.5,2,ALB
992,7/14/2016,,0.0,0.1,2,ALB
993,7/14/2016,,0.2,0.9,2,ALB
994,7/14/2016,,0.4,0.9,2,ALB
995,7/14/2016,,0.8,0.9,2,ALB
996,7/14/2016,,0.1,1.0,2,ALB
997,7/14/2016,,0.1,1.0,2,ALB
998,7/14/2016,,0.1,1.0,2,ALB
999,7/14/2016,,0.2,1.0,2,ALB
1000,7/14/2016,,0.9,1.0,2,ALB
1001,7/14/2016,,1.0,1.0,2,ALB
1002,7/14/2016,,1.0,1.0,2,ALB
1003,7/14/2016,,1.0,1.0,2,ALB
1004,7/15/2016,,0.0,0.8,2,ALB
1005,7/15/2016,,0.5,0.9,2,ALB
1006,7/15/2016,,0.6,0.9,2,ALB
1007,7/15/2016,,0.6,1.0,1,AEG
1008,7/15/2016,,0.2,1.0,2,ALB
1009,7/15/2016,,0.2,1.0,2,ALB
1010,7/15/2016,,0.6,1.0,2,ALB
1011,7/15/2016,,0.9,1.0,2,ALB
1012,7/15/2016,,1.0,1.0,2,ALB
1013,7/15/2016,,1.0,1.0,2,ALB
1014,7/18/2016,,0.0,0.3,2,ALB
1015,7/18/2016,,0.0,0.8,2,ALB
1016,7/18/2016,,0.3,0.8,2,ALB
1017,7/18/2016,,0.2,0.9,2,ALB
1018,7/18/2016,,0.3,0.9,2,ALB
1019,7/18/2016,,0.6,0.9,2,ALB
1020,7/18/2016,,0.1,1.0,2,ALB
1021,7/18/2016,,0.2,1.0,2,ALB
1022,7/18/2016,,0.2,1.0,2,ALB
1023,7/18/2016,,0.3,1.0,2,ALB
1024,7/18/2016,,0.3,1.0,2,ALB
1025,7/18/2016,,0.5,1.0,2,ALB
1026,7/18/2016,,0.8,1.0,2,ALB
1027,7/18/2016,,0.9,1.0,2,ALB
1028,7/18/2016,,1.0,1.0,2,ALB
1029,7/19/2016,,0.0,0.2,2,ALB
1030,7/19/2016,,0.1,0.8,2,ALB
1031,7/19/2016,,0.1,0.8,2,ALB
1032,7/19/2016,,0.1,0.8,2,ALB
1033,7/19/2016,,0.1,0.8,2,ALB
1034,7/19/2016,,0.1,0.8,2,ALB
1035,7/19/2016,,0.1,0.8,2,ALB
1036,7/19/2016,,0.1,0.9,2,ALB
1037,7/19/2016,,0.2,0.9,2,ALB
1038,7/19/2016,,0.3,0.9,2,ALB
1039,7/19/2016,,0.1,1.0,2,ALB
1040,7/19/2016,,0.2,1.0,2,ALB
1041,7/19/2016,,0.3,1.0,2,ALB
1042,7/19/2016,,0.9,1.0,2,ALB
1045,7/20/2016,,0.1,0.7,2,ALB
1046,7/20/2016,,0.8,0.7,2,ALB
1047,7/20/2016,,0.3,0.8,2,ALB
1048,7/20/2016,,0.6,0.8,2,ALB
1049,7/20/2016,,0.0,1.0,2,ALB
1050,7/20/2016,,0.1,1.0,2,ALB
1051,7/20/2016,,0.2,1.0,2,ALB
1052,7/20/2016,,0.3,1.0,2,ALB
1053,7/20/2016,,0.6,1.0,2,ALB
1054,7/20/2016,,0.6,1.0,2,ALB
1055,7/21/2016,,0.1,0.6,2,ALB
1056,7/21/2016,,0.6,0.7,1,AEG
1057,7/21/2016,,0.1,0.8,2,ALB
1058,7/21/2016,,0.2,0.9,2,ALB
1059,7/21/2016,,0.4,0.9,2,ALB
1060,7/21/2016,,0.7,0.9,2,ALB
1061,7/21/2016,,0.1,1.0,2,ALB
1062,7/21/2016,,0.1,1.0,2,ALB
1063,7/21/2016,,0.1,1.0,2,ALB
1064,7/21/2016,,0.1,1.0,2,ALB
1065,7/21/2016,,1.0,1.0,2,ALB
1066,7/22/2016,,0.2,0.1,2,ALB
1067,7/22/2016,,0.2,0.3,2,ALB
1068,7/22/2016,,0.2,1.0,2,ALB
1069,7/25/2016,,0.1,0.1,2,ALB
1070,7/25/2016,,0.9,0.2,2,ALB
1071,7/25/2016,,0.5,0.5,2,ALB
1072,7/25/2016,,0.3,0.6,2,ALB
1073,7/25/2016,,0.0,0.7,2,ALB
1074,7/25/2016,,0.0,0.7,2,ALB
1075,7/25/2016,,0.5,0.7,2,ALB
1076,7/25/2016,,0.1,0.8,2,ALB
1077,7/25/2016,,0.3,1.0,1,AEG
1078,7/25/2016,,0.1,1.0,2,ALB
1079,7/25/2016,,0.1,1.0,2,ALB
1080,7/25/2016,,0.2,1.0,2,ALB
1081,7/25/2016,,0.3,1.0,2,ALB
1082,7/25/2016,,0.3,1.0,2,ALB
1083,7/25/2016,,0.8,1.0,2,ALB
1084,7/25/2016,,1.0,1.0,2,ALB
1085,7/25/2016,,1.0,1.0,2,ALB
1086,7/26/2016,,0.8,0.0,2,ALB
1087,7/26/2016,,1.0,0.1,2,ALB
1088,7/26/2016,,1.0,0.1,2,ALB
1089,7/26/2016,,0.3,0.9,2,ALB
1090,7/26/2016,,0.1,1.0,2,ALB
1091,7/26/2016,,0.1,1.0,2,ALB
1092,7/26/2016,,0.1,1.0,2,ALB
1093,7/26/2016,,0.1,1.0,2,ALB
1094,7/26/2016,,0.1,1.0,2,ALB
1095,7/26/2016,,0.2,1.0,2,ALB
1096,7/26/2016,,0.2,1.0,2,ALB
1097,7/26/2016,,0.2,1.0,2,ALB
1098,7/26/2016,,0.3,1.0,2,ALB
1099,7/26/2016,,0.6,1.0,2,ALB
1100,7/27/2016,,0.0,0.5,2,ALB
1101,7/27/2016,,0.5,1.0,1,AEG
1102,7/27/2016,,0.9,1.0,1,AEG
1103,7/28/2016,,0.1,0.5,2,ALB
1104,7/28/2016,,0.1,1.0,2,ALB
1105,7/28/2016,,0.1,1.0,2,ALB
1106,7/28/2016,,0.2,1.0,2,ALB
1107,7/28/2016,,0.3,1.0,2,ALB
1108,7/29/2016,,0.1,0.2,2,ALB
1109,7/29/2016,,0.1,0.7,2,ALB
1110,7/29/2016,,0.2,0.8,2,ALB
1111,7/29/2016,,0.0,0.9,2,ALB
1112,7/29/2016,,0.1,0.9,2,ALB
1113,7/29/2016,,0.1,0.9,2,ALB
1114,7/29/2016,,0.1,0.9,2,ALB
1115,7/29/2016,,0.2,0.9,2,ALB
1116,7/29/2016,,0.9,0.9,2,ALB
1117,7/29/2016,,0.2,1.0,1,AEG
1118,7/29/2016,,0.1,1.0,2,ALB
1119,7/29/2016,,0.1,1.0,2,ALB
1120,7/29/2016,,0.1,1.0,2,ALB
1121,7/29/2016,,0.1,1.0,2,ALB
1122,7/29/2016,,0.2,1.0,2,ALB
1123,7/29/2016,,0.2,1.0,2,ALB
1124,7/29/2016,,0.6,1.0,2,ALB
1125,7/29/2016,,0.6,1.0,2,ALB
1126,7/29/2016,,0.9,1.0,2,ALB
1127,7/29/2016,,0.9,1.0,2,ALB
1128,8/1/2016,,0.2,1.0,2,ALB
1129,8/1/2016,,1.0,1.0,2,ALB
1130,8/2/2016,,0.0,0.3,2,ALB
1131,8/2/2016,,0.1,0.5,2,ALB
1132,8/2/2016,,0.2,0.7,2,ALB
1133,8/2/2016,,0.2,0.9,1,AEG
1134,8/2/2016,,0.3,0.9,1,AEG
1135,8/2/2016,,0.7,0.9,1,AEG
1136,8/2/2016,,0.9,0.9,1,AEG
1137,8/2/2016,,0.9,0.9,1,AEG
1138,8/2/2016,,1.0,0.9,1,AEG
1139,8/2/2016,,0.0,0.9,2,ALB
1140,8/2/2016,,0.0,0.9,2,ALB
1141,8/2/2016,,0.0,0.9,2,ALB
1142,8/2/2016,,0.3,1.0,1,AEG
1143,8/2/2016,,0.3,1.0,1,AEG
1144,8/2/2016,,0.8,1.0,1,AEG
1145,8/2/2016,,0.9,1.0,1,AEG
1146,8/2/2016,,1.0,1.0,1,AEG
1147,8/2/2016,,0.1,1.0,2,ALB
1148,8/2/2016,,0.1,1.0,2,ALB
1149,8/3/2016,,0.2,0.1,2,ALB
1150,8/3/2016,,0.8,0.3,2,ALB
1151,8/3/2016,,0.0,0.8,2,ALB
1152,8/3/2016,,0.2,0.8,2,ALB
1153,8/3/2016,,0.1,0.9,2,ALB
1154,8/3/2016,,0.1,0.9,2,ALB
1155,8/3/2016,,0.2,0.9,2,ALB
1156,8/3/2016,,0.5,1.0,1,AEG
1157,8/3/2016,,0.3,1.0,2,ALB
1158,8/3/2016,,0.8,1.0,2,ALB
1159,8/3/2016,,0.9,1.0,2,ALB
1160,8/3/2016,,0.9,1.0,2,ALB
1161,8/3/2016,,0.9,1.0,2,ALB
1162,8/3/2016,,1.0,1.0,2,ALB
1163,8/4/2016,,0.0,1.0,2,ALB
1164,8/4/2016,,0.1,1.0,2,ALB
1165,8/4/2016,,0.1,1.0,2,ALB
1166,8/4/2016,,0.1,1.0,2,ALB
1167,8/4/2016,,0.8,1.0,2,ALB
1168,8/5/2016,,1.0,0.5,2,ALB
1169,8/5/2016,,0.2,0.8,2,ALB
1170,8/5/2016,,0.4,1.0,1,AEG
1171,8/5/2016,,0.8,1.0,1,AEG
1172,8/5/2016,,0.1,1.0,2,ALB
1173,8/5/2016,,0.1,1.0,2,ALB
1174,8/5/2016,,0.1,1.0,2,ALB
1175,8/5/2016,,0.2,1.0,2,ALB
1176,8/5/2016,,0.2,1.0,2,ALB
1177,8/5/2016,,0.5,1.0,2,ALB
1178,8/5/2016,,0.5,1.0,2,ALB
1179,8/5/2016,,0.5,1.0,2,ALB
1180,8/8/2016,,0.2,0.5,2,ALB
1181,8/8/2016,,0.3,0.5,2,ALB
1182,8/8/2016,,0.1,0.6,2,ALB
1183,8/8/2016,,0.1,1.0,2,ALB
1184,8/8/2016,,0.1,1.0,2,ALB
1185,8/8/2016,,0.3,1.0,2,ALB
1186,8/8/2016,,0.3,1.0,2,ALB
1187,8/8/2016,,1.0,1.0,2,ALB
1188,8/9/2016,,0.0,0.9,2,ALB
1189,8/9/2016,,0.0,0.9,2,ALB
1190,8/9/2016,,0.1,0.9,2,ALB
1191,8/9/2016,,0.3,0.9,2,ALB
1192,8/9/2016,,0.5,1.0,1,AEG
1193,8/9/2016,,0.0,1.0,2,ALB
1194,8/9/2016,,0.1,1.0,2,ALB
1195,8/9/2016,,0.3,1.0,2,ALB
1196,8/10/2016,,0.2,0.0,2,ALB
1197,8/10/2016,,0.2,0.2,2,ALB
1198,8/10/2016,,0.0,0.3,2,ALB
1199,8/10/2016,,0.0,0.4,2,ALB
1200,8/10/2016,,0.2,0.4,2,ALB
1201,8/10/2016,,0.5,0.4,2,ALB
1202,8/10/2016,,0.6,0.4,2,ALB
1203,8/10/2016,,0.0,0.5,2,ALB
1204,8/10/2016,,0.2,0.7,2,ALB
1205,8/10/2016,,0.4,0.9,1,AEG
1206,8/10/2016,,0.2,0.9,2,ALB
1207,8/10/2016,,0.3,0.9,2,ALB
1208,8/10/2016,,0.5,0.9,2,ALB
1209,8/10/2016,,0.1,1.0,2,ALB
1210,8/10/2016,,0.2,1.0,2,ALB
1211,8/10/2016,,0.2,1.0,2,ALB
1212,8/10/2016,,0.2,1.0,2,ALB
1213,8/10/2016,,0.2,1.0,2,ALB
1214,8/10/2016,,0.3,1.0,2,ALB
1215,8/10/2016,,0.4,1.0,2,ALB
1216,8/10/2016,,0.8,1.0,2,ALB
1217,8/10/2016,,0.8,1.0,2,ALB
1218,8/10/2016,,0.9,1.0,2,ALB
1219,8/12/2016,,0.1,0.5,2,ALB
1220,8/12/2016,,0.1,0.7,2,ALB
1221,8/12/2016,,0.4,0.8,2,ALB
1222,8/12/2016,,0.8,0.8,2,ALB
1223,8/12/2016,,0.5,0.9,1,AEG
1224,8/12/2016,,0.4,0.9,2,ALB
1225,8/12/2016,,0.1,1.0,2,ALB
1226,8/12/2016,,0.1,1.0,2,ALB
1227,8/12/2016,,0.1,1.0,2,ALB
1228,8/12/2016,,0.2,1.0,2,ALB
1229,8/12/2016,,0.3,1.0,2,ALB
1230,8/12/2016,,0.5,1.0,2,ALB
1231,8/12/2016,,0.5,1.0,2,ALB
1232,8/12/2016,,0.7,1.0,2,ALB
1233,9/13/2016,,0.0,0.9,2,ALB
1234,9/13/2016,,0.0,0.9,2,ALB
1235,9/13/2016,,0.9,1.0,1,AEG
1236,9/13/2016,,0.0,1.0,2,ALB
1237,9/13/2016,,0.0,1.0,2,ALB
1238,9/13/2016,,0.1,1.0,2,ALB
1239,9/13/2016,,0.1,1.0,2,ALB
1240,9/13/2016,,0.2,1.0,2,ALB
1241,9/13/2016,,0.4,1.0,2,ALB
1242,9/13/2016,,0.8,1.0,2,ALB
1243,9/15/2016,,0.0,0.8,2,ALB
1244,9/15/2016,,0.7,0.8,2,ALB
